ID,Name,Type
1,John Adams,Person
2,Samuel Adams,Person
3,Dr Allen,Person
4,Nathaniel Appleton,Person
5,Gilbert Ash,Person
6,Benjamin Austin,Person
7,Samuel Austin,Person
8,John Avery,Person
9,Cyrus Baldwin,Person
10,John Ballard,Person
11,Nathaniel Barber,Person
12,Samuel Barnard,Person
13,Samuel Barrett,Person
14,Henry Bass,Person
15,William Bell,Person
16,Increase Blake,Person
17,John Boit,Person
18,Thomas Bolter,Person
19,Peter Boyer,Person
20,Richard Boynton,Person
21,Jos Brackett,Person
22,John Bradford,Person
23,David Bradlee,Person
24,Josiah Bradlee,Person
25,Nathaniel Bradlee,Person
26,Thomas Bradlee,Person
27,George Bray,Person
28,William Breck,Person
29,James Bewer,Person
30,Herman Brimmer,Person
31,Martin Brimmer,Person
32,Henry Broomfield,Person
33,Hugh Brown,Person
34,Enoch Brown,Person
35,John Brown,Person
36,Stephen Bruce,Person
37,Edward Burbeck,Person
38,William Burbeck,Person
39,Benjamin Burt,Person
40,Benjamin Burton,Person
41,Edward Cailleteau,Person
42,Elisha Callendar,Person
43,Nicholas Campbell,Person
44,Capt Cazneau,Person
45,Mr Chadwell,Person
46,Caleb Champney,Person
47,Thomas Chase,Person
48,Ezekiel Cheever,Person
49,Seth Chipman,Person
50,Thomas Chrysty,Person
51,Benjamin Church,Person
52,Benjamin Clarke,Person
53,Stephen Cleverly,Person
54,John Cochran,Person
55,Gilbert Colesworthy,Person
56,Gershom Collier,Person
57,Ezra Collins,Person
58,Adam Collson,Person
59,JamesFoster Condy,Person
60,Samuel Cooper,Person
61,William Cooper,Person
62,Thomas Crafts,Person
63,John Crane,Person
64,Caleb Davis,Person
65,Edward Davis,Person
66,Robert Davis,Person
67,William Davis,Person
68,Thomas Dawes,Person
69,William Dennie,Person
70,Moses Deshon,Person
71,Samuel Dexter,Person
72,Edward Dolbear,Person
73,Peter Doyle,Person
74,Joseph Eaton,Person
75,Joseph Eayres,Person
76,Unknown Eckley,Person
77,Benjamin Edes,Person
78,Samuel Emmes,Person
79,William Etheridge,Person
80,Samuel Fenno,Person
81,Ambrose Ferrell,Person
82,Joseph Field,Person
83,Josiah Flagg,Person
84,Thomas Fleet,Person
85,Bos Foster,Person
86,Samuel Foster,Person
87,Nathaniel Frothingham,Person
88,John Gammell,Person
89,Moses Gill,Person
90,Samuel Gore,Person
91,William Gould,Person
92,James Graham,Person
93,Moses Grant,Person
94,Wait Gray,Person
95,Nathaniel Greene,Person
96,Joseph Greenleaf,Person
97,William Greenleaf,Person
98,Newn Greenough,Person
99,William Ham,Person
100,Samuel Hammond,Person
101,Eben Hancock,Person
102,John Hancock,Person
103,William Hendley,Person
104,George Hewes,Person
105,William Hickling,Person
106,John Hicks,Person
107,Alexander Hill,Person
108,Nathaniel Hitchborn,Person
109,Thomas Hitchborn,Person
110,Samuel Hobbs,Person
111,John Hoffins,Person
112,Nathaniel Holmes,Person
113,John Hooton,Person
114,Caleb Hopkins,Person
115,William Hoskins,Person
116,Samuel Howard,Person
117,Edward Howe,Person
118,Jonathan Hunnewell,Person
119,Richard Hunnewell,Person
120,Thomas Hunstable,Person
121,Abraham Hunt,Person
122,Daniel Ingersoll,Person
123,Alexander Inglish,Person
124,Pierce Isaac,Person
125,James Ivers,Person
126,Edward Jarvis,Person
127,Charles Jarvis,Person
128,Unknown Jefferds,Person
129,John Jenkins,Person
130,Eben Johnston,Person
131,Gabriel Johonnott,Person
132,Benjamin Kent,Person
133,Walter Kerr,Person
134,Thomas Kimball,Person
135,David Kinnison,Person
136,John Lambert,Person
137,Joseph Lee,Person
138,Phillip Lewis,Person
139,Amos Lincoln,Person
140,Matthew Loring,Person
141,John Lowell,Person
142,Thomas Machin,Person
143,William Mackay,Person
144,Capt MacKintosh,Person
145,Archibald MacNeil,Person
146,Phillip Marett,Person
147,John Marlton,Person
148,Thomas Marshall,Person
149,John Marson,Person
150,Jonathan Mason,Person
151,John Matchett,Person
152,John May,Person
153,William McAlpine,Person
154,Thomas Melville,Person
155,John Merrit,Person
156,Thomas Milliken,Person
157,William Molineux,Person
158,Samuel Moody,Person
159,Thomas Moore,Person
160,Anthony Morse,Person
161,Perez Morton,Person
162,Joseph Mountford,Person
163,Eliphelet Newell,Person
164,Unknown Nicholls,Person
165,Nat Noyces,Person
166,Israel Obear,Person
167,James Otis,Person
168,William Palfrey,Person
169,Joseph Palmer,Person
170,Richard Palms,Person
171,Jonathan Parker,Person
172,Elias Parkman,Person
173,Sam Partridge,Person
174,Joseph Payson,Person
175,IsaacJun Pearce,Person
176,Isaac Pearce,Person
177,Samuel Peck,Person
178,Thomas Peck,Person
179,John Peters,Person
180,John Phillips,Person
181,Samuel Phillips,Person
182,William Phillips,Person
183,William Pierce,Person
184,Robert Pierpont,Person
185,John Pitts,Person
186,Lendall Pitts,Person
187,Samuel Pitts,Person
188,Thomas Porter,Person
189,Edward Potter,Person
190,William Powell,Person
191,Henry Prentiss,Person
192,John Prince,Person
193,Job Prince,Person
194,Edward Proctor,Person
195,John Pulling,Person
196,Richard Pulling,Person
197,Henry Purkitt,Person
198,Josiah Quincy,Person
199,John Randall,Person
200,Paul Revere,Person
201,Joseph Roby,Person
202,Thomas Roylson,Person
203,Abiel Ruddock,Person
204,John Russell,Person
205,William Russell,Person
206,Robert Sessions,Person
207,James Seward,Person
208,Gibbens Sharp,Person
209,Joseph Shed,Person
210,John Sigourney,Person
211,Benjamin Simpson,Person
212,Peter Slater,Person
213,Ambrose Sloper,Person
214,John Smith,Person
215,Thomas Spear,Person
216,Samuel Sprague,Person
217,John Spurr,Person
218,Henry Stanbridge,Person
219,James Starr,Person
220,Phineas Stearns,Person
221,Ebenezer Stevens,Person
222,Asa Stoddard,Person
223,Jonathan Stoddard,Person
224,Elisha Story,Person
225,James Swan,Person
226,John Sweetser,Person
227,Eben Symmes,Person
228,John Symmes,Person
229,Philip Tabor,Person
230,Thomas Tileston,Person
231,George Trott,Person
232,Royall Tyler,Person
233,Thomas Urann,Person
234,Fortesque Vernon,Person
235,Benjamin Waldo,Person
236,Joseph Warren,Person
237,Joseph Webb,Person
238,Thomas Webster,Person
239,Henry Welles,Person
240,Oliver Wendell,Person
241,Josiah Wheeler,Person
242,Samuel White,Person
243,John Whitten,Person
244,Samuel Whitwell,Person
245,William Whitwell,Person
246,Jeremiah Williams,Person
247,Jonathan Williams,Person
248,Thomas Williams,Person
249,Nathaniel Willis,Person
250,William Wingfield,Person
251,John Winslow,Person
252,John Winthrop,Person
253,Joshua Wyeth,Person
254,Thomas Young,Person
255,St Andrews Lodge,Organization
256,Loyal Nine,Organization
257,North Caucus,Organization
258,Long Room Club,Organization
259,Tea Party,Organization
260,Boston Committee,Organization
261,London Enemies,Organization